INSERT INTO db.company (id, name) VALUES ('0ccc9915-1835-46c9-b641-df202cb598f3', '浜松電子工業');
INSERT INTO db.company (id, name) VALUES ('24c329d7-a3eb-47db-827f-c9f6e2a9b03e', '尾張時計電機');
INSERT INTO db.company (id, name) VALUES ('251e5619-e23a-4f06-919e-703a158cb3bb', '株式会社青島製作所');
INSERT INTO db.company (id, name) VALUES ('323985f7-497a-4f8f-b79e-4a919b57eaa2', '浅上建設株式会社');
INSERT INTO db.company (id, name) VALUES ('3321da90-e4b7-40db-a3fb-d49d7079866c', '西園寺製薬');
INSERT INTO db.company (id, name) VALUES ('40328567-833f-4d52-9880-05356bbc1f0d', '朱沢コンツェルン');
INSERT INTO db.company (id, name) VALUES ('5d5dc290-5241-467e-9b61-98aee8a4f484', '神楽総合警備株式会社');
INSERT INTO db.company (id, name) VALUES ('65ee057e-2557-44b0-9821-1f9c93337726', 'カザマ商事');
INSERT INTO db.company (id, name) VALUES ('85e9e90b-02a1-4e8c-966e-a832a398dd12', '株式会社快援隊商事');
INSERT INTO db.company (id, name) VALUES ('88fd1c67-63bc-435c-9634-db328b18b66e', '株式会社飛鳥重機');
INSERT INTO db.company (id, name) VALUES ('8a7ffb65-75ae-4076-ba8b-e0247ce4cab7', 'オムスク重機械製作工場');
INSERT INTO db.company (id, name) VALUES ('9c7ce9df-7a46-4001-b5ba-7792e27f3615', '愛知自動車株式会社');
INSERT INTO db.company (id, name) VALUES ('9db1d5bf-e4e5-4236-a48b-0f84af140d46', '若草自動車株式会社');
INSERT INTO db.company (id, name) VALUES ('a7480759-6681-4c17-a3ac-eb353d790875', '有限会社アカマツ工業');
INSERT INTO db.company (id, name) VALUES ('ad3d7a4b-4702-4f29-8231-b0732d63e647', '集英物産');
INSERT INTO db.company (id, name) VALUES ('af11b2e9-78af-4220-bbee-de900aa950b1', '岡峰重工');
INSERT INTO db.company (id, name) VALUES ('b8198c89-6ab7-4a8f-aec4-6c8c8126380e', '樺山重工');
INSERT INTO db.company (id, name) VALUES ('bd5848f2-63e9-4a2b-8437-318a36f2a1cd', '北関東新聞社');
INSERT INTO db.company (id, name) VALUES ('f4402854-3484-416c-806f-933ac8216375', '文明堂宝石商');


INSERT INTO db.role (id, name) VALUES (1, 'ROLE_USER');

INSERT INTO db.user (id, email, name, password, username, company_id) VALUES (1, 'e100000@example.com', '林 悠人', 'password', 'u100000', '9c7ce9df-7a46-4001-b5ba-7792e27f3615');
INSERT INTO db.user (id, email, name, password, username, company_id) VALUES (2, 'e100001@example.com', '後藤 陽大', 'password', 'u100001', '9c7ce9df-7a46-4001-b5ba-7792e27f3615');
INSERT INTO db.user (id, email, name, password, username, company_id) VALUES (3, 'e100002@example.com', '原田 瑛太', 'password', 'u100002', '9c7ce9df-7a46-4001-b5ba-7792e27f3615');
INSERT INTO db.user (id, email, name, password, username, company_id) VALUES (4, 'e100003@example.com', '安藤 慧', 'password', 'u100003', '9c7ce9df-7a46-4001-b5ba-7792e27f3615');
INSERT INTO db.user (id, email, name, password, username, company_id) VALUES (5, 'e100004@example.com', '河野 綾人', 'password', 'u100004', '9c7ce9df-7a46-4001-b5ba-7792e27f3615');
INSERT INTO db.user (id, email, name, password, username, company_id) VALUES (6, 'e110000@example.com', '林 悠人', 'password', 'u110000', '251e5619-e23a-4f06-919e-703a158cb3bb');
INSERT INTO db.user (id, email, name, password, username, company_id) VALUES (7, 'e110001@example.com', '後藤 陽大', 'password', 'u110001', '251e5619-e23a-4f06-919e-703a158cb3bb');
INSERT INTO db.user (id, email, name, password, username, company_id) VALUES (8, 'e110002@example.com', '原田 瑛太', 'password', 'u110002', '251e5619-e23a-4f06-919e-703a158cb3bb');
INSERT INTO db.user (id, email, name, password, username, company_id) VALUES (9, 'e110003@example.com', '安藤 慧', 'password', 'u110003', '251e5619-e23a-4f06-919e-703a158cb3bb');
INSERT INTO db.user (id, email, name, password, username, company_id) VALUES (10, 'e110004@example.com', '河野 綾人', 'password', 'u110004', '251e5619-e23a-4f06-919e-703a158cb3bb');
INSERT INTO db.user (id, email, name, password, username, company_id) VALUES (11, 'e110005@example.com', '大西 丈', 'password', 'u110005', '251e5619-e23a-4f06-919e-703a158cb3bb');
INSERT INTO db.user (id, email, name, password, username, company_id) VALUES (12, 'e110006@example.com', '平田 結愛', 'password', 'u110006', '251e5619-e23a-4f06-919e-703a158cb3bb');
INSERT INTO db.user (id, email, name, password, username, company_id) VALUES (13, 'e120000@example.com', '林 悠人', 'password', 'u120000', '40328567-833f-4d52-9880-05356bbc1f0d');
INSERT INTO db.user (id, email, name, password, username, company_id) VALUES (14, 'e120001@example.com', '後藤 陽大', 'password', 'u120001', '40328567-833f-4d52-9880-05356bbc1f0d');
INSERT INTO db.user (id, email, name, password, username, company_id) VALUES (15, 'e120002@example.com', '原田 瑛太', 'password', 'u120002', '40328567-833f-4d52-9880-05356bbc1f0d');
INSERT INTO db.user (id, email, name, password, username, company_id) VALUES (16, 'e120003@example.com', '安藤 慧', 'password', 'u120003', '40328567-833f-4d52-9880-05356bbc1f0d');
INSERT INTO db.user (id, email, name, password, username, company_id) VALUES (17, 'e120004@example.com', '河野 綾人', 'password', 'u120004', '40328567-833f-4d52-9880-05356bbc1f0d');
INSERT INTO db.user (id, email, name, password, username, company_id) VALUES (18, 'e120005@example.com', '大西 丈', 'password', 'u120005', '40328567-833f-4d52-9880-05356bbc1f0d');
INSERT INTO db.user (id, email, name, password, username, company_id) VALUES (19, 'e120006@example.com', '平田 結愛', 'password', 'u120006', '40328567-833f-4d52-9880-05356bbc1f0d');
INSERT INTO db.user (id, email, name, password, username, company_id) VALUES (20, 'e120007@example.com', '中西 さくら', 'password', 'u120007', '40328567-833f-4d52-9880-05356bbc1f0d');
INSERT INTO db.user (id, email, name, password, username, company_id) VALUES (21, 'e120008@example.com', '荒木 愛菜', 'password', 'u120008', '40328567-833f-4d52-9880-05356bbc1f0d');
INSERT INTO db.user (id, email, name, password, username, company_id) VALUES (22, 'e130000@example.com', '林 悠人', 'password', 'u130000', 'a7480759-6681-4c17-a3ac-eb353d790875');
INSERT INTO db.user (id, email, name, password, username, company_id) VALUES (23, 'e130001@example.com', '後藤 陽大', 'password', 'u130001', 'a7480759-6681-4c17-a3ac-eb353d790875');
INSERT INTO db.user (id, email, name, password, username, company_id) VALUES (24, 'e130002@example.com', '原田 瑛太', 'password', 'u130002', 'a7480759-6681-4c17-a3ac-eb353d790875');
INSERT INTO db.user (id, email, name, password, username, company_id) VALUES (25, 'e130003@example.com', '安藤 慧', 'password', 'u130003', 'a7480759-6681-4c17-a3ac-eb353d790875');
INSERT INTO db.user (id, email, name, password, username, company_id) VALUES (26, 'e130004@example.com', '河野 綾人', 'password', 'u130004', 'a7480759-6681-4c17-a3ac-eb353d790875');
INSERT INTO db.user (id, email, name, password, username, company_id) VALUES (27, 'e130005@example.com', '大西 丈', 'password', 'u130005', 'a7480759-6681-4c17-a3ac-eb353d790875');
INSERT INTO db.user (id, email, name, password, username, company_id) VALUES (28, 'e130006@example.com', '平田 結愛', 'password', 'u130006', 'a7480759-6681-4c17-a3ac-eb353d790875');
INSERT INTO db.user (id, email, name, password, username, company_id) VALUES (29, 'e130007@example.com', '中西 さくら', 'password', 'u130007', 'a7480759-6681-4c17-a3ac-eb353d790875');
INSERT INTO db.user (id, email, name, password, username, company_id) VALUES (30, 'e130008@example.com', '荒木 愛菜', 'password', 'u130008', 'a7480759-6681-4c17-a3ac-eb353d790875');
INSERT INTO db.user (id, email, name, password, username, company_id) VALUES (31, 'e130009@example.com', '菅野 花音', 'password', 'u130009', 'a7480759-6681-4c17-a3ac-eb353d790875');
INSERT INTO db.user (id, email, name, password, username, company_id) VALUES (32, 'e130010@example.com', '小田 桜', 'password', 'u130010', 'a7480759-6681-4c17-a3ac-eb353d790875');
INSERT INTO db.user (id, email, name, password, username, company_id) VALUES (33, 'e140000@example.com', '林 悠人', 'password', 'u140000', '323985f7-497a-4f8f-b79e-4a919b57eaa2');
INSERT INTO db.user (id, email, name, password, username, company_id) VALUES (34, 'e140001@example.com', '後藤 陽大', 'password', 'u140001', '323985f7-497a-4f8f-b79e-4a919b57eaa2');
INSERT INTO db.user (id, email, name, password, username, company_id) VALUES (35, 'e140002@example.com', '原田 瑛太', 'password', 'u140002', '323985f7-497a-4f8f-b79e-4a919b57eaa2');
INSERT INTO db.user (id, email, name, password, username, company_id) VALUES (36, 'e140003@example.com', '安藤 慧', 'password', 'u140003', '323985f7-497a-4f8f-b79e-4a919b57eaa2');
INSERT INTO db.user (id, email, name, password, username, company_id) VALUES (37, 'e140004@example.com', '河野 綾人', 'password', 'u140004', '323985f7-497a-4f8f-b79e-4a919b57eaa2');
INSERT INTO db.user (id, email, name, password, username, company_id) VALUES (38, 'e140005@example.com', '大西 丈', 'password', 'u140005', '323985f7-497a-4f8f-b79e-4a919b57eaa2');
INSERT INTO db.user (id, email, name, password, username, company_id) VALUES (39, 'e140006@example.com', '平田 結愛', 'password', 'u140006', '323985f7-497a-4f8f-b79e-4a919b57eaa2');
INSERT INTO db.user (id, email, name, password, username, company_id) VALUES (40, 'e140007@example.com', '中西 さくら', 'password', 'u140007', '323985f7-497a-4f8f-b79e-4a919b57eaa2');
INSERT INTO db.user (id, email, name, password, username, company_id) VALUES (41, 'e140008@example.com', '荒木 愛菜', 'password', 'u140008', '323985f7-497a-4f8f-b79e-4a919b57eaa2');
INSERT INTO db.user (id, email, name, password, username, company_id) VALUES (42, 'e140009@example.com', '菅野 花音', 'password', 'u140009', '323985f7-497a-4f8f-b79e-4a919b57eaa2');
INSERT INTO db.user (id, email, name, password, username, company_id) VALUES (43, 'e140010@example.com', '小田 桜', 'password', 'u140010', '323985f7-497a-4f8f-b79e-4a919b57eaa2');
INSERT INTO db.user (id, email, name, password, username, company_id) VALUES (44, 'e140011@example.com', '三宅 咲来', 'password', 'u140011', '323985f7-497a-4f8f-b79e-4a919b57eaa2');
INSERT INTO db.user (id, email, name, password, username, company_id) VALUES (45, 'e140012@example.com', '寺田 律', 'password', 'u140012', '323985f7-497a-4f8f-b79e-4a919b57eaa2');
INSERT INTO db.user (id, email, name, password, username, company_id) VALUES (46, 'e150000@example.com', '林 悠人', 'password', 'u150000', '88fd1c67-63bc-435c-9634-db328b18b66e');
INSERT INTO db.user (id, email, name, password, username, company_id) VALUES (47, 'e150001@example.com', '後藤 陽大', 'password', 'u150001', '88fd1c67-63bc-435c-9634-db328b18b66e');
INSERT INTO db.user (id, email, name, password, username, company_id) VALUES (48, 'e150002@example.com', '原田 瑛太', 'password', 'u150002', '88fd1c67-63bc-435c-9634-db328b18b66e');
INSERT INTO db.user (id, email, name, password, username, company_id) VALUES (49, 'e150003@example.com', '安藤 慧', 'password', 'u150003', '88fd1c67-63bc-435c-9634-db328b18b66e');
INSERT INTO db.user (id, email, name, password, username, company_id) VALUES (50, 'e150004@example.com', '河野 綾人', 'password', 'u150004', '88fd1c67-63bc-435c-9634-db328b18b66e');
INSERT INTO db.user (id, email, name, password, username, company_id) VALUES (51, 'e150005@example.com', '大西 丈', 'password', 'u150005', '88fd1c67-63bc-435c-9634-db328b18b66e');
INSERT INTO db.user (id, email, name, password, username, company_id) VALUES (52, 'e150006@example.com', '平田 結愛', 'password', 'u150006', '88fd1c67-63bc-435c-9634-db328b18b66e');
INSERT INTO db.user (id, email, name, password, username, company_id) VALUES (53, 'e150007@example.com', '中西 さくら', 'password', 'u150007', '88fd1c67-63bc-435c-9634-db328b18b66e');
INSERT INTO db.user (id, email, name, password, username, company_id) VALUES (54, 'e150008@example.com', '荒木 愛菜', 'password', 'u150008', '88fd1c67-63bc-435c-9634-db328b18b66e');
INSERT INTO db.user (id, email, name, password, username, company_id) VALUES (55, 'e150009@example.com', '菅野 花音', 'password', 'u150009', '88fd1c67-63bc-435c-9634-db328b18b66e');
INSERT INTO db.user (id, email, name, password, username, company_id) VALUES (56, 'e150010@example.com', '小田 桜', 'password', 'u150010', '88fd1c67-63bc-435c-9634-db328b18b66e');
INSERT INTO db.user (id, email, name, password, username, company_id) VALUES (57, 'e150011@example.com', '三宅 咲来', 'password', 'u150011', '88fd1c67-63bc-435c-9634-db328b18b66e');
INSERT INTO db.user (id, email, name, password, username, company_id) VALUES (58, 'e150012@example.com', '寺田 律', 'password', 'u150012', '88fd1c67-63bc-435c-9634-db328b18b66e');
INSERT INTO db.user (id, email, name, password, username, company_id) VALUES (59, 'e150013@example.com', '飯塚 陸', 'password', 'u150013', '88fd1c67-63bc-435c-9634-db328b18b66e');
INSERT INTO db.user (id, email, name, password, username, company_id) VALUES (60, 'e150014@example.com', '浅井 颯斗', 'password', 'u150014', '88fd1c67-63bc-435c-9634-db328b18b66e');
INSERT INTO db.user (id, email, name, password, username, company_id) VALUES (61, 'e160000@example.com', '林 悠人', 'password', 'u160000', 'af11b2e9-78af-4220-bbee-de900aa950b1');
INSERT INTO db.user (id, email, name, password, username, company_id) VALUES (62, 'e160001@example.com', '後藤 陽大', 'password', 'u160001', 'af11b2e9-78af-4220-bbee-de900aa950b1');
INSERT INTO db.user (id, email, name, password, username, company_id) VALUES (63, 'e160002@example.com', '原田 瑛太', 'password', 'u160002', 'af11b2e9-78af-4220-bbee-de900aa950b1');
INSERT INTO db.user (id, email, name, password, username, company_id) VALUES (64, 'e160003@example.com', '安藤 慧', 'password', 'u160003', 'af11b2e9-78af-4220-bbee-de900aa950b1');
INSERT INTO db.user (id, email, name, password, username, company_id) VALUES (65, 'e160004@example.com', '河野 綾人', 'password', 'u160004', 'af11b2e9-78af-4220-bbee-de900aa950b1');
INSERT INTO db.user (id, email, name, password, username, company_id) VALUES (66, 'e160005@example.com', '大西 丈', 'password', 'u160005', 'af11b2e9-78af-4220-bbee-de900aa950b1');
INSERT INTO db.user (id, email, name, password, username, company_id) VALUES (67, 'e160006@example.com', '平田 結愛', 'password', 'u160006', 'af11b2e9-78af-4220-bbee-de900aa950b1');
INSERT INTO db.user (id, email, name, password, username, company_id) VALUES (68, 'e160007@example.com', '中西 さくら', 'password', 'u160007', 'af11b2e9-78af-4220-bbee-de900aa950b1');
INSERT INTO db.user (id, email, name, password, username, company_id) VALUES (69, 'e160008@example.com', '荒木 愛菜', 'password', 'u160008', 'af11b2e9-78af-4220-bbee-de900aa950b1');
INSERT INTO db.user (id, email, name, password, username, company_id) VALUES (70, 'e160009@example.com', '菅野 花音', 'password', 'u160009', 'af11b2e9-78af-4220-bbee-de900aa950b1');
INSERT INTO db.user (id, email, name, password, username, company_id) VALUES (71, 'e160010@example.com', '小田 桜', 'password', 'u160010', 'af11b2e9-78af-4220-bbee-de900aa950b1');
INSERT INTO db.user (id, email, name, password, username, company_id) VALUES (72, 'e160011@example.com', '三宅 咲来', 'password', 'u160011', 'af11b2e9-78af-4220-bbee-de900aa950b1');
INSERT INTO db.user (id, email, name, password, username, company_id) VALUES (73, 'e160012@example.com', '寺田 律', 'password', 'u160012', 'af11b2e9-78af-4220-bbee-de900aa950b1');
INSERT INTO db.user (id, email, name, password, username, company_id) VALUES (74, 'e160013@example.com', '飯塚 陸', 'password', 'u160013', 'af11b2e9-78af-4220-bbee-de900aa950b1');
INSERT INTO db.user (id, email, name, password, username, company_id) VALUES (75, 'e160014@example.com', '浅井 颯斗', 'password', 'u160014', 'af11b2e9-78af-4220-bbee-de900aa950b1');
INSERT INTO db.user (id, email, name, password, username, company_id) VALUES (76, 'e160015@example.com', '大沢 太陽', 'password', 'u160015', 'af11b2e9-78af-4220-bbee-de900aa950b1');
INSERT INTO db.user (id, email, name, password, username, company_id) VALUES (77, 'e160016@example.com', '金井 啓太', 'password', 'u160016', 'af11b2e9-78af-4220-bbee-de900aa950b1');
INSERT INTO db.user (id, email, name, password, username, company_id) VALUES (78, 'e170000@example.com', '林 悠人', 'password', 'u170000', '8a7ffb65-75ae-4076-ba8b-e0247ce4cab7');
INSERT INTO db.user (id, email, name, password, username, company_id) VALUES (79, 'e170001@example.com', '後藤 陽大', 'password', 'u170001', '8a7ffb65-75ae-4076-ba8b-e0247ce4cab7');
INSERT INTO db.user (id, email, name, password, username, company_id) VALUES (80, 'e170002@example.com', '原田 瑛太', 'password', 'u170002', '8a7ffb65-75ae-4076-ba8b-e0247ce4cab7');
INSERT INTO db.user (id, email, name, password, username, company_id) VALUES (81, 'e170003@example.com', '安藤 慧', 'password', 'u170003', '8a7ffb65-75ae-4076-ba8b-e0247ce4cab7');
INSERT INTO db.user (id, email, name, password, username, company_id) VALUES (82, 'e170004@example.com', '河野 綾人', 'password', 'u170004', '8a7ffb65-75ae-4076-ba8b-e0247ce4cab7');
INSERT INTO db.user (id, email, name, password, username, company_id) VALUES (83, 'e170005@example.com', '大西 丈', 'password', 'u170005', '8a7ffb65-75ae-4076-ba8b-e0247ce4cab7');
INSERT INTO db.user (id, email, name, password, username, company_id) VALUES (84, 'e170006@example.com', '平田 結愛', 'password', 'u170006', '8a7ffb65-75ae-4076-ba8b-e0247ce4cab7');
INSERT INTO db.user (id, email, name, password, username, company_id) VALUES (85, 'e170007@example.com', '中西 さくら', 'password', 'u170007', '8a7ffb65-75ae-4076-ba8b-e0247ce4cab7');
INSERT INTO db.user (id, email, name, password, username, company_id) VALUES (86, 'e170008@example.com', '荒木 愛菜', 'password', 'u170008', '8a7ffb65-75ae-4076-ba8b-e0247ce4cab7');
INSERT INTO db.user (id, email, name, password, username, company_id) VALUES (87, 'e170009@example.com', '菅野 花音', 'password', 'u170009', '8a7ffb65-75ae-4076-ba8b-e0247ce4cab7');
INSERT INTO db.user (id, email, name, password, username, company_id) VALUES (88, 'e170010@example.com', '小田 桜', 'password', 'u170010', '8a7ffb65-75ae-4076-ba8b-e0247ce4cab7');
INSERT INTO db.user (id, email, name, password, username, company_id) VALUES (89, 'e170011@example.com', '三宅 咲来', 'password', 'u170011', '8a7ffb65-75ae-4076-ba8b-e0247ce4cab7');
INSERT INTO db.user (id, email, name, password, username, company_id) VALUES (90, 'e170012@example.com', '寺田 律', 'password', 'u170012', '8a7ffb65-75ae-4076-ba8b-e0247ce4cab7');
INSERT INTO db.user (id, email, name, password, username, company_id) VALUES (91, 'e170013@example.com', '飯塚 陸', 'password', 'u170013', '8a7ffb65-75ae-4076-ba8b-e0247ce4cab7');
INSERT INTO db.user (id, email, name, password, username, company_id) VALUES (92, 'e170014@example.com', '浅井 颯斗', 'password', 'u170014', '8a7ffb65-75ae-4076-ba8b-e0247ce4cab7');
INSERT INTO db.user (id, email, name, password, username, company_id) VALUES (93, 'e170015@example.com', '大沢 太陽', 'password', 'u170015', '8a7ffb65-75ae-4076-ba8b-e0247ce4cab7');
INSERT INTO db.user (id, email, name, password, username, company_id) VALUES (94, 'e170016@example.com', '金井 啓太', 'password', 'u170016', '8a7ffb65-75ae-4076-ba8b-e0247ce4cab7');
INSERT INTO db.user (id, email, name, password, username, company_id) VALUES (95, 'e170017@example.com', '堤 迅', 'password', 'u170017', '8a7ffb65-75ae-4076-ba8b-e0247ce4cab7');
INSERT INTO db.user (id, email, name, password, username, company_id) VALUES (96, 'e170018@example.com', '笠原 蒼人', 'password', 'u170018', '8a7ffb65-75ae-4076-ba8b-e0247ce4cab7');
INSERT INTO db.user (id, email, name, password, username, company_id) VALUES (97, 'e180000@example.com', '林 悠人', 'password', 'u180000', '24c329d7-a3eb-47db-827f-c9f6e2a9b03e');
INSERT INTO db.user (id, email, name, password, username, company_id) VALUES (98, 'e180001@example.com', '後藤 陽大', 'password', 'u180001', '24c329d7-a3eb-47db-827f-c9f6e2a9b03e');
INSERT INTO db.user (id, email, name, password, username, company_id) VALUES (99, 'e180002@example.com', '原田 瑛太', 'password', 'u180002', '24c329d7-a3eb-47db-827f-c9f6e2a9b03e');
INSERT INTO db.user (id, email, name, password, username, company_id) VALUES (100, 'e180003@example.com', '安藤 慧', 'password', 'u180003', '24c329d7-a3eb-47db-827f-c9f6e2a9b03e');
INSERT INTO db.user (id, email, name, password, username, company_id) VALUES (101, 'e180004@example.com', '河野 綾人', 'password', 'u180004', '24c329d7-a3eb-47db-827f-c9f6e2a9b03e');
INSERT INTO db.user (id, email, name, password, username, company_id) VALUES (102, 'e190000@example.com', '林 悠人', 'password', 'u190000', '85e9e90b-02a1-4e8c-966e-a832a398dd12');
INSERT INTO db.user (id, email, name, password, username, company_id) VALUES (103, 'e190001@example.com', '後藤 陽大', 'password', 'u190001', '85e9e90b-02a1-4e8c-966e-a832a398dd12');
INSERT INTO db.user (id, email, name, password, username, company_id) VALUES (104, 'e190002@example.com', '原田 瑛太', 'password', 'u190002', '85e9e90b-02a1-4e8c-966e-a832a398dd12');
INSERT INTO db.user (id, email, name, password, username, company_id) VALUES (105, 'e190003@example.com', '安藤 慧', 'password', 'u190003', '85e9e90b-02a1-4e8c-966e-a832a398dd12');
INSERT INTO db.user (id, email, name, password, username, company_id) VALUES (106, 'e190004@example.com', '河野 綾人', 'password', 'u190004', '85e9e90b-02a1-4e8c-966e-a832a398dd12');
INSERT INTO db.user (id, email, name, password, username, company_id) VALUES (107, 'e190005@example.com', '大西 丈', 'password', 'u190005', '85e9e90b-02a1-4e8c-966e-a832a398dd12');
INSERT INTO db.user (id, email, name, password, username, company_id) VALUES (108, 'e190006@example.com', '平田 結愛', 'password', 'u190006', '85e9e90b-02a1-4e8c-966e-a832a398dd12');
INSERT INTO db.user (id, email, name, password, username, company_id) VALUES (109, 'e1100000@example.com', '林 悠人', 'password', 'u1100000', '5d5dc290-5241-467e-9b61-98aee8a4f484');
INSERT INTO db.user (id, email, name, password, username, company_id) VALUES (110, 'e1100001@example.com', '後藤 陽大', 'password', 'u1100001', '5d5dc290-5241-467e-9b61-98aee8a4f484');
INSERT INTO db.user (id, email, name, password, username, company_id) VALUES (111, 'e1100002@example.com', '原田 瑛太', 'password', 'u1100002', '5d5dc290-5241-467e-9b61-98aee8a4f484');
INSERT INTO db.user (id, email, name, password, username, company_id) VALUES (112, 'e1100003@example.com', '安藤 慧', 'password', 'u1100003', '5d5dc290-5241-467e-9b61-98aee8a4f484');
INSERT INTO db.user (id, email, name, password, username, company_id) VALUES (113, 'e1100004@example.com', '河野 綾人', 'password', 'u1100004', '5d5dc290-5241-467e-9b61-98aee8a4f484');
INSERT INTO db.user (id, email, name, password, username, company_id) VALUES (114, 'e1100005@example.com', '大西 丈', 'password', 'u1100005', '5d5dc290-5241-467e-9b61-98aee8a4f484');
INSERT INTO db.user (id, email, name, password, username, company_id) VALUES (115, 'e1100006@example.com', '平田 結愛', 'password', 'u1100006', '5d5dc290-5241-467e-9b61-98aee8a4f484');
INSERT INTO db.user (id, email, name, password, username, company_id) VALUES (116, 'e1100007@example.com', '中西 さくら', 'password', 'u1100007', '5d5dc290-5241-467e-9b61-98aee8a4f484');
INSERT INTO db.user (id, email, name, password, username, company_id) VALUES (117, 'e1100008@example.com', '荒木 愛菜', 'password', 'u1100008', '5d5dc290-5241-467e-9b61-98aee8a4f484');
INSERT INTO db.user (id, email, name, password, username, company_id) VALUES (118, 'e1110000@example.com', '林 悠人', 'password', 'u1110000', '65ee057e-2557-44b0-9821-1f9c93337726');
INSERT INTO db.user (id, email, name, password, username, company_id) VALUES (119, 'e1110001@example.com', '後藤 陽大', 'password', 'u1110001', '65ee057e-2557-44b0-9821-1f9c93337726');
INSERT INTO db.user (id, email, name, password, username, company_id) VALUES (120, 'e1110002@example.com', '原田 瑛太', 'password', 'u1110002', '65ee057e-2557-44b0-9821-1f9c93337726');
INSERT INTO db.user (id, email, name, password, username, company_id) VALUES (121, 'e1110003@example.com', '安藤 慧', 'password', 'u1110003', '65ee057e-2557-44b0-9821-1f9c93337726');
INSERT INTO db.user (id, email, name, password, username, company_id) VALUES (122, 'e1110004@example.com', '河野 綾人', 'password', 'u1110004', '65ee057e-2557-44b0-9821-1f9c93337726');
INSERT INTO db.user (id, email, name, password, username, company_id) VALUES (123, 'e1110005@example.com', '大西 丈', 'password', 'u1110005', '65ee057e-2557-44b0-9821-1f9c93337726');
INSERT INTO db.user (id, email, name, password, username, company_id) VALUES (124, 'e1110006@example.com', '平田 結愛', 'password', 'u1110006', '65ee057e-2557-44b0-9821-1f9c93337726');
INSERT INTO db.user (id, email, name, password, username, company_id) VALUES (125, 'e1110007@example.com', '中西 さくら', 'password', 'u1110007', '65ee057e-2557-44b0-9821-1f9c93337726');
INSERT INTO db.user (id, email, name, password, username, company_id) VALUES (126, 'e1110008@example.com', '荒木 愛菜', 'password', 'u1110008', '65ee057e-2557-44b0-9821-1f9c93337726');
INSERT INTO db.user (id, email, name, password, username, company_id) VALUES (127, 'e1110009@example.com', '菅野 花音', 'password', 'u1110009', '65ee057e-2557-44b0-9821-1f9c93337726');
INSERT INTO db.user (id, email, name, password, username, company_id) VALUES (128, 'e1110010@example.com', '小田 桜', 'password', 'u1110010', '65ee057e-2557-44b0-9821-1f9c93337726');
INSERT INTO db.user (id, email, name, password, username, company_id) VALUES (129, 'e1120000@example.com', '林 悠人', 'password', 'u1120000', 'b8198c89-6ab7-4a8f-aec4-6c8c8126380e');
INSERT INTO db.user (id, email, name, password, username, company_id) VALUES (130, 'e1120001@example.com', '後藤 陽大', 'password', 'u1120001', 'b8198c89-6ab7-4a8f-aec4-6c8c8126380e');
INSERT INTO db.user (id, email, name, password, username, company_id) VALUES (131, 'e1120002@example.com', '原田 瑛太', 'password', 'u1120002', 'b8198c89-6ab7-4a8f-aec4-6c8c8126380e');
INSERT INTO db.user (id, email, name, password, username, company_id) VALUES (132, 'e1120003@example.com', '安藤 慧', 'password', 'u1120003', 'b8198c89-6ab7-4a8f-aec4-6c8c8126380e');
INSERT INTO db.user (id, email, name, password, username, company_id) VALUES (133, 'e1120004@example.com', '河野 綾人', 'password', 'u1120004', 'b8198c89-6ab7-4a8f-aec4-6c8c8126380e');
INSERT INTO db.user (id, email, name, password, username, company_id) VALUES (134, 'e1120005@example.com', '大西 丈', 'password', 'u1120005', 'b8198c89-6ab7-4a8f-aec4-6c8c8126380e');
INSERT INTO db.user (id, email, name, password, username, company_id) VALUES (135, 'e1120006@example.com', '平田 結愛', 'password', 'u1120006', 'b8198c89-6ab7-4a8f-aec4-6c8c8126380e');
INSERT INTO db.user (id, email, name, password, username, company_id) VALUES (136, 'e1120007@example.com', '中西 さくら', 'password', 'u1120007', 'b8198c89-6ab7-4a8f-aec4-6c8c8126380e');
INSERT INTO db.user (id, email, name, password, username, company_id) VALUES (137, 'e1120008@example.com', '荒木 愛菜', 'password', 'u1120008', 'b8198c89-6ab7-4a8f-aec4-6c8c8126380e');
INSERT INTO db.user (id, email, name, password, username, company_id) VALUES (138, 'e1120009@example.com', '菅野 花音', 'password', 'u1120009', 'b8198c89-6ab7-4a8f-aec4-6c8c8126380e');
INSERT INTO db.user (id, email, name, password, username, company_id) VALUES (139, 'e1120010@example.com', '小田 桜', 'password', 'u1120010', 'b8198c89-6ab7-4a8f-aec4-6c8c8126380e');
INSERT INTO db.user (id, email, name, password, username, company_id) VALUES (140, 'e1120011@example.com', '三宅 咲来', 'password', 'u1120011', 'b8198c89-6ab7-4a8f-aec4-6c8c8126380e');
INSERT INTO db.user (id, email, name, password, username, company_id) VALUES (141, 'e1120012@example.com', '寺田 律', 'password', 'u1120012', 'b8198c89-6ab7-4a8f-aec4-6c8c8126380e');
INSERT INTO db.user (id, email, name, password, username, company_id) VALUES (142, 'e1130000@example.com', '林 悠人', 'password', 'u1130000', 'bd5848f2-63e9-4a2b-8437-318a36f2a1cd');
INSERT INTO db.user (id, email, name, password, username, company_id) VALUES (143, 'e1130001@example.com', '後藤 陽大', 'password', 'u1130001', 'bd5848f2-63e9-4a2b-8437-318a36f2a1cd');
INSERT INTO db.user (id, email, name, password, username, company_id) VALUES (144, 'e1130002@example.com', '原田 瑛太', 'password', 'u1130002', 'bd5848f2-63e9-4a2b-8437-318a36f2a1cd');
INSERT INTO db.user (id, email, name, password, username, company_id) VALUES (145, 'e1130003@example.com', '安藤 慧', 'password', 'u1130003', 'bd5848f2-63e9-4a2b-8437-318a36f2a1cd');
INSERT INTO db.user (id, email, name, password, username, company_id) VALUES (146, 'e1130004@example.com', '河野 綾人', 'password', 'u1130004', 'bd5848f2-63e9-4a2b-8437-318a36f2a1cd');
INSERT INTO db.user (id, email, name, password, username, company_id) VALUES (147, 'e1130005@example.com', '大西 丈', 'password', 'u1130005', 'bd5848f2-63e9-4a2b-8437-318a36f2a1cd');
INSERT INTO db.user (id, email, name, password, username, company_id) VALUES (148, 'e1130006@example.com', '平田 結愛', 'password', 'u1130006', 'bd5848f2-63e9-4a2b-8437-318a36f2a1cd');
INSERT INTO db.user (id, email, name, password, username, company_id) VALUES (149, 'e1130007@example.com', '中西 さくら', 'password', 'u1130007', 'bd5848f2-63e9-4a2b-8437-318a36f2a1cd');
INSERT INTO db.user (id, email, name, password, username, company_id) VALUES (150, 'e1130008@example.com', '荒木 愛菜', 'password', 'u1130008', 'bd5848f2-63e9-4a2b-8437-318a36f2a1cd');
INSERT INTO db.user (id, email, name, password, username, company_id) VALUES (151, 'e1130009@example.com', '菅野 花音', 'password', 'u1130009', 'bd5848f2-63e9-4a2b-8437-318a36f2a1cd');
INSERT INTO db.user (id, email, name, password, username, company_id) VALUES (152, 'e1130010@example.com', '小田 桜', 'password', 'u1130010', 'bd5848f2-63e9-4a2b-8437-318a36f2a1cd');
INSERT INTO db.user (id, email, name, password, username, company_id) VALUES (153, 'e1130011@example.com', '三宅 咲来', 'password', 'u1130011', 'bd5848f2-63e9-4a2b-8437-318a36f2a1cd');
INSERT INTO db.user (id, email, name, password, username, company_id) VALUES (154, 'e1130012@example.com', '寺田 律', 'password', 'u1130012', 'bd5848f2-63e9-4a2b-8437-318a36f2a1cd');
INSERT INTO db.user (id, email, name, password, username, company_id) VALUES (155, 'e1130013@example.com', '飯塚 陸', 'password', 'u1130013', 'bd5848f2-63e9-4a2b-8437-318a36f2a1cd');
INSERT INTO db.user (id, email, name, password, username, company_id) VALUES (156, 'e1130014@example.com', '浅井 颯斗', 'password', 'u1130014', 'bd5848f2-63e9-4a2b-8437-318a36f2a1cd');
INSERT INTO db.user (id, email, name, password, username, company_id) VALUES (157, 'e1140000@example.com', '林 悠人', 'password', 'u1140000', '3321da90-e4b7-40db-a3fb-d49d7079866c');
INSERT INTO db.user (id, email, name, password, username, company_id) VALUES (158, 'e1140001@example.com', '後藤 陽大', 'password', 'u1140001', '3321da90-e4b7-40db-a3fb-d49d7079866c');
INSERT INTO db.user (id, email, name, password, username, company_id) VALUES (159, 'e1140002@example.com', '原田 瑛太', 'password', 'u1140002', '3321da90-e4b7-40db-a3fb-d49d7079866c');
INSERT INTO db.user (id, email, name, password, username, company_id) VALUES (160, 'e1140003@example.com', '安藤 慧', 'password', 'u1140003', '3321da90-e4b7-40db-a3fb-d49d7079866c');
INSERT INTO db.user (id, email, name, password, username, company_id) VALUES (161, 'e1140004@example.com', '河野 綾人', 'password', 'u1140004', '3321da90-e4b7-40db-a3fb-d49d7079866c');
INSERT INTO db.user (id, email, name, password, username, company_id) VALUES (162, 'e1140005@example.com', '大西 丈', 'password', 'u1140005', '3321da90-e4b7-40db-a3fb-d49d7079866c');
INSERT INTO db.user (id, email, name, password, username, company_id) VALUES (163, 'e1140006@example.com', '平田 結愛', 'password', 'u1140006', '3321da90-e4b7-40db-a3fb-d49d7079866c');
INSERT INTO db.user (id, email, name, password, username, company_id) VALUES (164, 'e1140007@example.com', '中西 さくら', 'password', 'u1140007', '3321da90-e4b7-40db-a3fb-d49d7079866c');
INSERT INTO db.user (id, email, name, password, username, company_id) VALUES (165, 'e1140008@example.com', '荒木 愛菜', 'password', 'u1140008', '3321da90-e4b7-40db-a3fb-d49d7079866c');
INSERT INTO db.user (id, email, name, password, username, company_id) VALUES (166, 'e1140009@example.com', '菅野 花音', 'password', 'u1140009', '3321da90-e4b7-40db-a3fb-d49d7079866c');
INSERT INTO db.user (id, email, name, password, username, company_id) VALUES (167, 'e1140010@example.com', '小田 桜', 'password', 'u1140010', '3321da90-e4b7-40db-a3fb-d49d7079866c');
INSERT INTO db.user (id, email, name, password, username, company_id) VALUES (168, 'e1140011@example.com', '三宅 咲来', 'password', 'u1140011', '3321da90-e4b7-40db-a3fb-d49d7079866c');
INSERT INTO db.user (id, email, name, password, username, company_id) VALUES (169, 'e1140012@example.com', '寺田 律', 'password', 'u1140012', '3321da90-e4b7-40db-a3fb-d49d7079866c');
INSERT INTO db.user (id, email, name, password, username, company_id) VALUES (170, 'e1140013@example.com', '飯塚 陸', 'password', 'u1140013', '3321da90-e4b7-40db-a3fb-d49d7079866c');
INSERT INTO db.user (id, email, name, password, username, company_id) VALUES (171, 'e1140014@example.com', '浅井 颯斗', 'password', 'u1140014', '3321da90-e4b7-40db-a3fb-d49d7079866c');
INSERT INTO db.user (id, email, name, password, username, company_id) VALUES (172, 'e1140015@example.com', '大沢 太陽', 'password', 'u1140015', '3321da90-e4b7-40db-a3fb-d49d7079866c');
INSERT INTO db.user (id, email, name, password, username, company_id) VALUES (173, 'e1140016@example.com', '金井 啓太', 'password', 'u1140016', '3321da90-e4b7-40db-a3fb-d49d7079866c');
INSERT INTO db.user (id, email, name, password, username, company_id) VALUES (174, 'e1150000@example.com', '林 悠人', 'password', 'u1150000', 'ad3d7a4b-4702-4f29-8231-b0732d63e647');
INSERT INTO db.user (id, email, name, password, username, company_id) VALUES (175, 'e1150001@example.com', '後藤 陽大', 'password', 'u1150001', 'ad3d7a4b-4702-4f29-8231-b0732d63e647');
INSERT INTO db.user (id, email, name, password, username, company_id) VALUES (176, 'e1150002@example.com', '原田 瑛太', 'password', 'u1150002', 'ad3d7a4b-4702-4f29-8231-b0732d63e647');
INSERT INTO db.user (id, email, name, password, username, company_id) VALUES (177, 'e1150003@example.com', '安藤 慧', 'password', 'u1150003', 'ad3d7a4b-4702-4f29-8231-b0732d63e647');
INSERT INTO db.user (id, email, name, password, username, company_id) VALUES (178, 'e1150004@example.com', '河野 綾人', 'password', 'u1150004', 'ad3d7a4b-4702-4f29-8231-b0732d63e647');
INSERT INTO db.user (id, email, name, password, username, company_id) VALUES (179, 'e1150005@example.com', '大西 丈', 'password', 'u1150005', 'ad3d7a4b-4702-4f29-8231-b0732d63e647');
INSERT INTO db.user (id, email, name, password, username, company_id) VALUES (180, 'e1150006@example.com', '平田 結愛', 'password', 'u1150006', 'ad3d7a4b-4702-4f29-8231-b0732d63e647');
INSERT INTO db.user (id, email, name, password, username, company_id) VALUES (181, 'e1150007@example.com', '中西 さくら', 'password', 'u1150007', 'ad3d7a4b-4702-4f29-8231-b0732d63e647');
INSERT INTO db.user (id, email, name, password, username, company_id) VALUES (182, 'e1150008@example.com', '荒木 愛菜', 'password', 'u1150008', 'ad3d7a4b-4702-4f29-8231-b0732d63e647');
INSERT INTO db.user (id, email, name, password, username, company_id) VALUES (183, 'e1150009@example.com', '菅野 花音', 'password', 'u1150009', 'ad3d7a4b-4702-4f29-8231-b0732d63e647');
INSERT INTO db.user (id, email, name, password, username, company_id) VALUES (184, 'e1150010@example.com', '小田 桜', 'password', 'u1150010', 'ad3d7a4b-4702-4f29-8231-b0732d63e647');
INSERT INTO db.user (id, email, name, password, username, company_id) VALUES (185, 'e1150011@example.com', '三宅 咲来', 'password', 'u1150011', 'ad3d7a4b-4702-4f29-8231-b0732d63e647');
INSERT INTO db.user (id, email, name, password, username, company_id) VALUES (186, 'e1150012@example.com', '寺田 律', 'password', 'u1150012', 'ad3d7a4b-4702-4f29-8231-b0732d63e647');
INSERT INTO db.user (id, email, name, password, username, company_id) VALUES (187, 'e1150013@example.com', '飯塚 陸', 'password', 'u1150013', 'ad3d7a4b-4702-4f29-8231-b0732d63e647');
INSERT INTO db.user (id, email, name, password, username, company_id) VALUES (188, 'e1150014@example.com', '浅井 颯斗', 'password', 'u1150014', 'ad3d7a4b-4702-4f29-8231-b0732d63e647');
INSERT INTO db.user (id, email, name, password, username, company_id) VALUES (189, 'e1150015@example.com', '大沢 太陽', 'password', 'u1150015', 'ad3d7a4b-4702-4f29-8231-b0732d63e647');
INSERT INTO db.user (id, email, name, password, username, company_id) VALUES (190, 'e1150016@example.com', '金井 啓太', 'password', 'u1150016', 'ad3d7a4b-4702-4f29-8231-b0732d63e647');
INSERT INTO db.user (id, email, name, password, username, company_id) VALUES (191, 'e1150017@example.com', '堤 迅', 'password', 'u1150017', 'ad3d7a4b-4702-4f29-8231-b0732d63e647');
INSERT INTO db.user (id, email, name, password, username, company_id) VALUES (192, 'e1150018@example.com', '笠原 蒼人', 'password', 'u1150018', 'ad3d7a4b-4702-4f29-8231-b0732d63e647');
INSERT INTO db.user (id, email, name, password, username, company_id) VALUES (193, 'e1160000@example.com', '林 悠人', 'password', 'u1160000', '9db1d5bf-e4e5-4236-a48b-0f84af140d46');
INSERT INTO db.user (id, email, name, password, username, company_id) VALUES (194, 'e1160001@example.com', '後藤 陽大', 'password', 'u1160001', '9db1d5bf-e4e5-4236-a48b-0f84af140d46');
INSERT INTO db.user (id, email, name, password, username, company_id) VALUES (195, 'e1160002@example.com', '原田 瑛太', 'password', 'u1160002', '9db1d5bf-e4e5-4236-a48b-0f84af140d46');
INSERT INTO db.user (id, email, name, password, username, company_id) VALUES (196, 'e1160003@example.com', '安藤 慧', 'password', 'u1160003', '9db1d5bf-e4e5-4236-a48b-0f84af140d46');
INSERT INTO db.user (id, email, name, password, username, company_id) VALUES (197, 'e1160004@example.com', '河野 綾人', 'password', 'u1160004', '9db1d5bf-e4e5-4236-a48b-0f84af140d46');
INSERT INTO db.user (id, email, name, password, username, company_id) VALUES (198, 'e1170000@example.com', '林 悠人', 'password', 'u1170000', 'f4402854-3484-416c-806f-933ac8216375');
INSERT INTO db.user (id, email, name, password, username, company_id) VALUES (199, 'e1170001@example.com', '後藤 陽大', 'password', 'u1170001', 'f4402854-3484-416c-806f-933ac8216375');
INSERT INTO db.user (id, email, name, password, username, company_id) VALUES (200, 'e1170002@example.com', '原田 瑛太', 'password', 'u1170002', 'f4402854-3484-416c-806f-933ac8216375');
INSERT INTO db.user (id, email, name, password, username, company_id) VALUES (201, 'e1170003@example.com', '安藤 慧', 'password', 'u1170003', 'f4402854-3484-416c-806f-933ac8216375');
INSERT INTO db.user (id, email, name, password, username, company_id) VALUES (202, 'e1170004@example.com', '河野 綾人', 'password', 'u1170004', 'f4402854-3484-416c-806f-933ac8216375');
INSERT INTO db.user (id, email, name, password, username, company_id) VALUES (203, 'e1170005@example.com', '大西 丈', 'password', 'u1170005', 'f4402854-3484-416c-806f-933ac8216375');
INSERT INTO db.user (id, email, name, password, username, company_id) VALUES (204, 'e1170006@example.com', '平田 結愛', 'password', 'u1170006', 'f4402854-3484-416c-806f-933ac8216375');
INSERT INTO db.user (id, email, name, password, username, company_id) VALUES (205, 'e1180000@example.com', '林 悠人', 'password', 'u1180000', '0ccc9915-1835-46c9-b641-df202cb598f3');
INSERT INTO db.user (id, email, name, password, username, company_id) VALUES (206, 'e1180001@example.com', '後藤 陽大', 'password', 'u1180001', '0ccc9915-1835-46c9-b641-df202cb598f3');
INSERT INTO db.user (id, email, name, password, username, company_id) VALUES (207, 'e1180002@example.com', '原田 瑛太', 'password', 'u1180002', '0ccc9915-1835-46c9-b641-df202cb598f3');
INSERT INTO db.user (id, email, name, password, username, company_id) VALUES (208, 'e1180003@example.com', '安藤 慧', 'password', 'u1180003', '0ccc9915-1835-46c9-b641-df202cb598f3');
INSERT INTO db.user (id, email, name, password, username, company_id) VALUES (209, 'e1180004@example.com', '河野 綾人', 'password', 'u1180004', '0ccc9915-1835-46c9-b641-df202cb598f3');
INSERT INTO db.user (id, email, name, password, username, company_id) VALUES (210, 'e1180005@example.com', '大西 丈', 'password', 'u1180005', '0ccc9915-1835-46c9-b641-df202cb598f3');
INSERT INTO db.user (id, email, name, password, username, company_id) VALUES (211, 'e1180006@example.com', '平田 結愛', 'password', 'u1180006', '0ccc9915-1835-46c9-b641-df202cb598f3');
INSERT INTO db.user (id, email, name, password, username, company_id) VALUES (212, 'e1180007@example.com', '中西 さくら', 'password', 'u1180007', '0ccc9915-1835-46c9-b641-df202cb598f3');
INSERT INTO db.user (id, email, name, password, username, company_id) VALUES (213, 'e1180008@example.com', '荒木 愛菜', 'password', 'u1180008', '0ccc9915-1835-46c9-b641-df202cb598f3');

INSERT INTO db.user_roles (user_id, roles_id) VALUES (1, 1);
INSERT INTO db.user_roles (user_id, roles_id) VALUES (2, 1);
INSERT INTO db.user_roles (user_id, roles_id) VALUES (3, 1);
INSERT INTO db.user_roles (user_id, roles_id) VALUES (4, 1);
INSERT INTO db.user_roles (user_id, roles_id) VALUES (5, 1);
INSERT INTO db.user_roles (user_id, roles_id) VALUES (6, 1);
INSERT INTO db.user_roles (user_id, roles_id) VALUES (7, 1);
INSERT INTO db.user_roles (user_id, roles_id) VALUES (8, 1);
INSERT INTO db.user_roles (user_id, roles_id) VALUES (9, 1);
INSERT INTO db.user_roles (user_id, roles_id) VALUES (10, 1);
INSERT INTO db.user_roles (user_id, roles_id) VALUES (11, 1);
INSERT INTO db.user_roles (user_id, roles_id) VALUES (12, 1);
INSERT INTO db.user_roles (user_id, roles_id) VALUES (13, 1);
INSERT INTO db.user_roles (user_id, roles_id) VALUES (14, 1);
INSERT INTO db.user_roles (user_id, roles_id) VALUES (15, 1);
INSERT INTO db.user_roles (user_id, roles_id) VALUES (16, 1);
INSERT INTO db.user_roles (user_id, roles_id) VALUES (17, 1);
INSERT INTO db.user_roles (user_id, roles_id) VALUES (18, 1);
INSERT INTO db.user_roles (user_id, roles_id) VALUES (19, 1);
INSERT INTO db.user_roles (user_id, roles_id) VALUES (20, 1);
INSERT INTO db.user_roles (user_id, roles_id) VALUES (21, 1);
INSERT INTO db.user_roles (user_id, roles_id) VALUES (22, 1);
INSERT INTO db.user_roles (user_id, roles_id) VALUES (23, 1);
INSERT INTO db.user_roles (user_id, roles_id) VALUES (24, 1);
INSERT INTO db.user_roles (user_id, roles_id) VALUES (25, 1);
INSERT INTO db.user_roles (user_id, roles_id) VALUES (26, 1);
INSERT INTO db.user_roles (user_id, roles_id) VALUES (27, 1);
INSERT INTO db.user_roles (user_id, roles_id) VALUES (28, 1);
INSERT INTO db.user_roles (user_id, roles_id) VALUES (29, 1);
INSERT INTO db.user_roles (user_id, roles_id) VALUES (30, 1);
INSERT INTO db.user_roles (user_id, roles_id) VALUES (31, 1);
INSERT INTO db.user_roles (user_id, roles_id) VALUES (32, 1);
INSERT INTO db.user_roles (user_id, roles_id) VALUES (33, 1);
INSERT INTO db.user_roles (user_id, roles_id) VALUES (34, 1);
INSERT INTO db.user_roles (user_id, roles_id) VALUES (35, 1);
INSERT INTO db.user_roles (user_id, roles_id) VALUES (36, 1);
INSERT INTO db.user_roles (user_id, roles_id) VALUES (37, 1);
INSERT INTO db.user_roles (user_id, roles_id) VALUES (38, 1);
INSERT INTO db.user_roles (user_id, roles_id) VALUES (39, 1);
INSERT INTO db.user_roles (user_id, roles_id) VALUES (40, 1);
INSERT INTO db.user_roles (user_id, roles_id) VALUES (41, 1);
INSERT INTO db.user_roles (user_id, roles_id) VALUES (42, 1);
INSERT INTO db.user_roles (user_id, roles_id) VALUES (43, 1);
INSERT INTO db.user_roles (user_id, roles_id) VALUES (44, 1);
INSERT INTO db.user_roles (user_id, roles_id) VALUES (45, 1);
INSERT INTO db.user_roles (user_id, roles_id) VALUES (46, 1);
INSERT INTO db.user_roles (user_id, roles_id) VALUES (47, 1);
INSERT INTO db.user_roles (user_id, roles_id) VALUES (48, 1);
INSERT INTO db.user_roles (user_id, roles_id) VALUES (49, 1);
INSERT INTO db.user_roles (user_id, roles_id) VALUES (50, 1);
INSERT INTO db.user_roles (user_id, roles_id) VALUES (51, 1);
INSERT INTO db.user_roles (user_id, roles_id) VALUES (52, 1);
INSERT INTO db.user_roles (user_id, roles_id) VALUES (53, 1);
INSERT INTO db.user_roles (user_id, roles_id) VALUES (54, 1);
INSERT INTO db.user_roles (user_id, roles_id) VALUES (55, 1);
INSERT INTO db.user_roles (user_id, roles_id) VALUES (56, 1);
INSERT INTO db.user_roles (user_id, roles_id) VALUES (57, 1);
INSERT INTO db.user_roles (user_id, roles_id) VALUES (58, 1);
INSERT INTO db.user_roles (user_id, roles_id) VALUES (59, 1);
INSERT INTO db.user_roles (user_id, roles_id) VALUES (60, 1);
INSERT INTO db.user_roles (user_id, roles_id) VALUES (61, 1);
INSERT INTO db.user_roles (user_id, roles_id) VALUES (62, 1);
INSERT INTO db.user_roles (user_id, roles_id) VALUES (63, 1);
INSERT INTO db.user_roles (user_id, roles_id) VALUES (64, 1);
INSERT INTO db.user_roles (user_id, roles_id) VALUES (65, 1);
INSERT INTO db.user_roles (user_id, roles_id) VALUES (66, 1);
INSERT INTO db.user_roles (user_id, roles_id) VALUES (67, 1);
INSERT INTO db.user_roles (user_id, roles_id) VALUES (68, 1);
INSERT INTO db.user_roles (user_id, roles_id) VALUES (69, 1);
INSERT INTO db.user_roles (user_id, roles_id) VALUES (70, 1);
INSERT INTO db.user_roles (user_id, roles_id) VALUES (71, 1);
INSERT INTO db.user_roles (user_id, roles_id) VALUES (72, 1);
INSERT INTO db.user_roles (user_id, roles_id) VALUES (73, 1);
INSERT INTO db.user_roles (user_id, roles_id) VALUES (74, 1);
INSERT INTO db.user_roles (user_id, roles_id) VALUES (75, 1);
INSERT INTO db.user_roles (user_id, roles_id) VALUES (76, 1);
INSERT INTO db.user_roles (user_id, roles_id) VALUES (77, 1);
INSERT INTO db.user_roles (user_id, roles_id) VALUES (78, 1);
INSERT INTO db.user_roles (user_id, roles_id) VALUES (79, 1);
INSERT INTO db.user_roles (user_id, roles_id) VALUES (80, 1);
INSERT INTO db.user_roles (user_id, roles_id) VALUES (81, 1);
INSERT INTO db.user_roles (user_id, roles_id) VALUES (82, 1);
INSERT INTO db.user_roles (user_id, roles_id) VALUES (83, 1);
INSERT INTO db.user_roles (user_id, roles_id) VALUES (84, 1);
INSERT INTO db.user_roles (user_id, roles_id) VALUES (85, 1);
INSERT INTO db.user_roles (user_id, roles_id) VALUES (86, 1);
INSERT INTO db.user_roles (user_id, roles_id) VALUES (87, 1);
INSERT INTO db.user_roles (user_id, roles_id) VALUES (88, 1);
INSERT INTO db.user_roles (user_id, roles_id) VALUES (89, 1);
INSERT INTO db.user_roles (user_id, roles_id) VALUES (90, 1);
INSERT INTO db.user_roles (user_id, roles_id) VALUES (91, 1);
INSERT INTO db.user_roles (user_id, roles_id) VALUES (92, 1);
INSERT INTO db.user_roles (user_id, roles_id) VALUES (93, 1);
INSERT INTO db.user_roles (user_id, roles_id) VALUES (94, 1);
INSERT INTO db.user_roles (user_id, roles_id) VALUES (95, 1);
INSERT INTO db.user_roles (user_id, roles_id) VALUES (96, 1);
INSERT INTO db.user_roles (user_id, roles_id) VALUES (97, 1);
INSERT INTO db.user_roles (user_id, roles_id) VALUES (98, 1);
INSERT INTO db.user_roles (user_id, roles_id) VALUES (99, 1);
INSERT INTO db.user_roles (user_id, roles_id) VALUES (100, 1);
INSERT INTO db.user_roles (user_id, roles_id) VALUES (101, 1);
INSERT INTO db.user_roles (user_id, roles_id) VALUES (102, 1);
INSERT INTO db.user_roles (user_id, roles_id) VALUES (103, 1);
INSERT INTO db.user_roles (user_id, roles_id) VALUES (104, 1);
INSERT INTO db.user_roles (user_id, roles_id) VALUES (105, 1);
INSERT INTO db.user_roles (user_id, roles_id) VALUES (106, 1);
INSERT INTO db.user_roles (user_id, roles_id) VALUES (107, 1);
INSERT INTO db.user_roles (user_id, roles_id) VALUES (108, 1);
INSERT INTO db.user_roles (user_id, roles_id) VALUES (109, 1);
INSERT INTO db.user_roles (user_id, roles_id) VALUES (110, 1);
INSERT INTO db.user_roles (user_id, roles_id) VALUES (111, 1);
INSERT INTO db.user_roles (user_id, roles_id) VALUES (112, 1);
INSERT INTO db.user_roles (user_id, roles_id) VALUES (113, 1);
INSERT INTO db.user_roles (user_id, roles_id) VALUES (114, 1);
INSERT INTO db.user_roles (user_id, roles_id) VALUES (115, 1);
INSERT INTO db.user_roles (user_id, roles_id) VALUES (116, 1);
INSERT INTO db.user_roles (user_id, roles_id) VALUES (117, 1);
INSERT INTO db.user_roles (user_id, roles_id) VALUES (118, 1);
INSERT INTO db.user_roles (user_id, roles_id) VALUES (119, 1);
INSERT INTO db.user_roles (user_id, roles_id) VALUES (120, 1);
INSERT INTO db.user_roles (user_id, roles_id) VALUES (121, 1);
INSERT INTO db.user_roles (user_id, roles_id) VALUES (122, 1);
INSERT INTO db.user_roles (user_id, roles_id) VALUES (123, 1);
INSERT INTO db.user_roles (user_id, roles_id) VALUES (124, 1);
INSERT INTO db.user_roles (user_id, roles_id) VALUES (125, 1);
INSERT INTO db.user_roles (user_id, roles_id) VALUES (126, 1);
INSERT INTO db.user_roles (user_id, roles_id) VALUES (127, 1);
INSERT INTO db.user_roles (user_id, roles_id) VALUES (128, 1);
INSERT INTO db.user_roles (user_id, roles_id) VALUES (129, 1);
INSERT INTO db.user_roles (user_id, roles_id) VALUES (130, 1);
INSERT INTO db.user_roles (user_id, roles_id) VALUES (131, 1);
INSERT INTO db.user_roles (user_id, roles_id) VALUES (132, 1);
INSERT INTO db.user_roles (user_id, roles_id) VALUES (133, 1);
INSERT INTO db.user_roles (user_id, roles_id) VALUES (134, 1);
INSERT INTO db.user_roles (user_id, roles_id) VALUES (135, 1);
INSERT INTO db.user_roles (user_id, roles_id) VALUES (136, 1);
INSERT INTO db.user_roles (user_id, roles_id) VALUES (137, 1);
INSERT INTO db.user_roles (user_id, roles_id) VALUES (138, 1);
INSERT INTO db.user_roles (user_id, roles_id) VALUES (139, 1);
INSERT INTO db.user_roles (user_id, roles_id) VALUES (140, 1);
INSERT INTO db.user_roles (user_id, roles_id) VALUES (141, 1);
INSERT INTO db.user_roles (user_id, roles_id) VALUES (142, 1);
INSERT INTO db.user_roles (user_id, roles_id) VALUES (143, 1);
INSERT INTO db.user_roles (user_id, roles_id) VALUES (144, 1);
INSERT INTO db.user_roles (user_id, roles_id) VALUES (145, 1);
INSERT INTO db.user_roles (user_id, roles_id) VALUES (146, 1);
INSERT INTO db.user_roles (user_id, roles_id) VALUES (147, 1);
INSERT INTO db.user_roles (user_id, roles_id) VALUES (148, 1);
INSERT INTO db.user_roles (user_id, roles_id) VALUES (149, 1);
INSERT INTO db.user_roles (user_id, roles_id) VALUES (150, 1);
INSERT INTO db.user_roles (user_id, roles_id) VALUES (151, 1);
INSERT INTO db.user_roles (user_id, roles_id) VALUES (152, 1);
INSERT INTO db.user_roles (user_id, roles_id) VALUES (153, 1);
INSERT INTO db.user_roles (user_id, roles_id) VALUES (154, 1);
INSERT INTO db.user_roles (user_id, roles_id) VALUES (155, 1);
INSERT INTO db.user_roles (user_id, roles_id) VALUES (156, 1);
INSERT INTO db.user_roles (user_id, roles_id) VALUES (157, 1);
INSERT INTO db.user_roles (user_id, roles_id) VALUES (158, 1);
INSERT INTO db.user_roles (user_id, roles_id) VALUES (159, 1);
INSERT INTO db.user_roles (user_id, roles_id) VALUES (160, 1);
INSERT INTO db.user_roles (user_id, roles_id) VALUES (161, 1);
INSERT INTO db.user_roles (user_id, roles_id) VALUES (162, 1);
INSERT INTO db.user_roles (user_id, roles_id) VALUES (163, 1);
INSERT INTO db.user_roles (user_id, roles_id) VALUES (164, 1);
INSERT INTO db.user_roles (user_id, roles_id) VALUES (165, 1);
INSERT INTO db.user_roles (user_id, roles_id) VALUES (166, 1);
INSERT INTO db.user_roles (user_id, roles_id) VALUES (167, 1);
INSERT INTO db.user_roles (user_id, roles_id) VALUES (168, 1);
INSERT INTO db.user_roles (user_id, roles_id) VALUES (169, 1);
INSERT INTO db.user_roles (user_id, roles_id) VALUES (170, 1);
INSERT INTO db.user_roles (user_id, roles_id) VALUES (171, 1);
INSERT INTO db.user_roles (user_id, roles_id) VALUES (172, 1);
INSERT INTO db.user_roles (user_id, roles_id) VALUES (173, 1);
INSERT INTO db.user_roles (user_id, roles_id) VALUES (174, 1);
INSERT INTO db.user_roles (user_id, roles_id) VALUES (175, 1);
INSERT INTO db.user_roles (user_id, roles_id) VALUES (176, 1);
INSERT INTO db.user_roles (user_id, roles_id) VALUES (177, 1);
INSERT INTO db.user_roles (user_id, roles_id) VALUES (178, 1);
INSERT INTO db.user_roles (user_id, roles_id) VALUES (179, 1);
INSERT INTO db.user_roles (user_id, roles_id) VALUES (180, 1);
INSERT INTO db.user_roles (user_id, roles_id) VALUES (181, 1);
INSERT INTO db.user_roles (user_id, roles_id) VALUES (182, 1);
INSERT INTO db.user_roles (user_id, roles_id) VALUES (183, 1);
INSERT INTO db.user_roles (user_id, roles_id) VALUES (184, 1);
INSERT INTO db.user_roles (user_id, roles_id) VALUES (185, 1);
INSERT INTO db.user_roles (user_id, roles_id) VALUES (186, 1);
INSERT INTO db.user_roles (user_id, roles_id) VALUES (187, 1);
INSERT INTO db.user_roles (user_id, roles_id) VALUES (188, 1);
INSERT INTO db.user_roles (user_id, roles_id) VALUES (189, 1);
INSERT INTO db.user_roles (user_id, roles_id) VALUES (190, 1);
INSERT INTO db.user_roles (user_id, roles_id) VALUES (191, 1);
INSERT INTO db.user_roles (user_id, roles_id) VALUES (192, 1);
INSERT INTO db.user_roles (user_id, roles_id) VALUES (193, 1);
INSERT INTO db.user_roles (user_id, roles_id) VALUES (194, 1);
INSERT INTO db.user_roles (user_id, roles_id) VALUES (195, 1);
INSERT INTO db.user_roles (user_id, roles_id) VALUES (196, 1);
INSERT INTO db.user_roles (user_id, roles_id) VALUES (197, 1);
INSERT INTO db.user_roles (user_id, roles_id) VALUES (198, 1);
INSERT INTO db.user_roles (user_id, roles_id) VALUES (199, 1);
INSERT INTO db.user_roles (user_id, roles_id) VALUES (200, 1);
INSERT INTO db.user_roles (user_id, roles_id) VALUES (201, 1);
INSERT INTO db.user_roles (user_id, roles_id) VALUES (202, 1);
INSERT INTO db.user_roles (user_id, roles_id) VALUES (203, 1);
INSERT INTO db.user_roles (user_id, roles_id) VALUES (204, 1);
INSERT INTO db.user_roles (user_id, roles_id) VALUES (205, 1);
INSERT INTO db.user_roles (user_id, roles_id) VALUES (206, 1);
INSERT INTO db.user_roles (user_id, roles_id) VALUES (207, 1);
INSERT INTO db.user_roles (user_id, roles_id) VALUES (208, 1);
INSERT INTO db.user_roles (user_id, roles_id) VALUES (209, 1);
INSERT INTO db.user_roles (user_id, roles_id) VALUES (210, 1);
INSERT INTO db.user_roles (user_id, roles_id) VALUES (211, 1);
INSERT INTO db.user_roles (user_id, roles_id) VALUES (212, 1);
INSERT INTO db.user_roles (user_id, roles_id) VALUES (213, 1);


